Code,Date,High,Low,Close,Code,High,Low,Close,Code,High,Low,Close,Code,High,Low,Close,Cases India,Cases UK,Cases US,Cases STRAYA
XFJ,2019-09-23,6529.1,6490.6,6510.6,XHJ,36132.7,35749.2,36007.4,XIJ,1398.4,1384,1393.1,XJR,4829.9,4798.6,4805.7,0,0,0,0
XFJ,2019-09-24,6544.9,6510.6,6532.5,XHJ,36338.9,36006.3,36202.1,XIJ,1395.1,1377.1,1377.5,XJR,4820.2,4786.1,4788,0,0,0,0
XFJ,2019-09-25,6533.9,6477.9,6513.7,XHJ,36202.1,35725,36006,XIJ,1401.4,1371.4,1391.1,XJR,4788,4713.2,4719.6,0,0,0,0
XFJ,2019-09-26,6536.4,6466.4,6493.7,XHJ,36023.3,35526.5,35630.6,XIJ,1409,1382.6,1386,XJR,4735.3,4677.3,4678.8,0,0,0,0
XFJ,2019-09-27,6535.9,6493.7,6523,XHJ,35913.6,35590,35718.5,XIJ,1408.2,1386,1401.9,XJR,4705.9,4673.3,4705,0,0,0,0
XFJ,2019-09-30,6527.9,6477.7,6477.7,XHJ,35839.9,35551.5,35653.6,XIJ,1402.8,1382.7,1383.7,XJR,4753.8,4702.9,4704,0,0,0,0
XFJ,2019-10-01,6504.7,6448.2,6499.9,XHJ,36395.9,35642.4,36395.9,XIJ,1398.4,1376,1398.4,XJR,4710.8,4657.7,4710.8,0,0,0,0
XFJ,2019-10-02,6499.9,6369.2,6378.9,XHJ,36395.9,35788,35821.4,XIJ,1398.4,1364,1364.7,XJR,4710.8,4640,4645.8,0,0,0,0
XFJ,2019-10-03,6378.9,6194,6212.1,XHJ,35821.4,34761.7,35022.9,XIJ,1364.7,1320,1332.2,XJR,4645.8,4539.1,4539.1,0,0,0,0
XFJ,2019-10-04,6225.1,6171.3,6207.6,XHJ,35892.7,35021.7,35832.4,XIJ,1350.3,1332.2,1346.2,XJR,4572.6,4539.1,4553.3,0,0,0,0
XFJ,2019-10-07,6246,6207.6,6230.7,XHJ,36287.8,35832.4,36287.6,XIJ,1369.6,1346.2,1365.3,XJR,4590.7,4553.3,4585.5,0,0,0,0
XFJ,2019-10-08,6266.3,6230.7,6252.6,XHJ,36469.5,36269,36469.5,XIJ,1375.5,1357.1,1370,XJR,4616.7,4585.5,4608.2,0,0,0,0
XFJ,2019-10-09,6252.6,6170.4,6201.1,XHJ,36469.5,35769.5,36402.8,XIJ,1371.2,1336.3,1369.2,XJR,4608.2,4556.3,4561,0,0,0,0
XFJ,2019-10-10,6228.4,6184.6,6205.4,XHJ,36557.2,36227.7,36501.2,XIJ,1385,1362,1364.5,XJR,4561.2,4523.7,4542.5,0,0,0,0
XFJ,2019-10-11,6271.7,6205.4,6271.7,XHJ,37129.5,36501.2,36973,XIJ,1387,1364.5,1378.9,XJR,4628.2,4542.5,4607.1,0,0,0,0
XFJ,2019-10-14,6344.9,6271.7,6312.2,XHJ,37385.5,36860.1,36937,XIJ,1408.8,1378.9,1402.2,XJR,4680.9,4607.1,4656.8,0,0,0,0
XFJ,2019-10-15,6335.5,6297.7,6330.4,XHJ,37503.9,36767.6,37445.1,XIJ,1418.9,1402.2,1409.1,XJR,4656.8,4593.4,4602.3,0,0,0,0
XFJ,2019-10-16,6435.1,6330.4,6425.7,XHJ,38246.9,37445.1,38182.4,XIJ,1420.5,1399.2,1408.4,XJR,4620.3,4595.8,4608.7,0,0,0,0
XFJ,2019-10-17,6445.7,6393,6403,XHJ,38685.3,37909.3,37978.5,XIJ,1409.8,1373.1,1374.6,XJR,4608.7,4531.2,4531.2,0,0,0,0
XFJ,2019-10-18,6403,6352.3,6377.6,XHJ,38145.7,37590.2,37756.7,XIJ,1379.4,1354.7,1364.7,XJR,4539.1,4509.6,4516.4,0,0,0,0
XFJ,2019-10-21,6383.6,6331.4,6383.6,XHJ,37828.7,37491.8,37662.4,XIJ,1364.7,1323.8,1334.7,XJR,4533.3,4505.5,4527.5,0,0,0,0
XFJ,2019-10-22,6408.3,6379.1,6397.4,XHJ,37816.3,37406.1,37624.6,XIJ,1346.5,1328.2,1329.5,XJR,4570.4,4527.5,4568.3,0,0,0,0
XFJ,2019-10-23,6403.1,6359.1,6392.3,XHJ,37678.7,37066.6,37481.4,XIJ,1335.2,1303.4,1331.8,XJR,4595.9,4558.9,4579.4,0,0,0,0
XFJ,2019-10-24,6432.6,6392.3,6412.6,XHJ,37811.6,37479.7,37704.1,XIJ,1348.2,1313.5,1316.1,XJR,4638.1,4579.4,4612.1,0,0,0,0
XFJ,2019-10-25,6447.9,6412.6,6445,XHJ,38521.8,37704.1,38398.5,XIJ,1336.8,1315.8,1324.9,XJR,4648.8,4612.1,4635.7,0,0,0,0
XFJ,2019-10-28,6453.4,6419.1,6427.2,XHJ,38721.2,38398.5,38436.8,XIJ,1335.8,1317.1,1320.6,XJR,4682.4,4635.7,4660.8,0,0,0,0
XFJ,2019-10-29,6439,6412.9,6423.5,XHJ,38812.6,38355.4,38547.9,XIJ,1347.6,1320.6,1334.1,XJR,4698.1,4660.8,4678.5,0,0,0,0
XFJ,2019-10-30,6423.5,6353,6365.4,XHJ,38612.8,38312.2,38361.5,XIJ,1337.2,1314.6,1315.1,XJR,4678.5,4633.6,4638.6,0,0,0,0
XFJ,2019-10-31,6365.4,6255.5,6295,XHJ,38671.9,38315.7,38356.8,XIJ,1336.4,1315.1,1329.1,XJR,4640.1,4602.6,4625.1,0,0,0,0
XFJ,2019-11-01,6295,6213.7,6245.4,XHJ,38784.2,38356.8,38763.2,XIJ,1329.1,1307.5,1324.1,XJR,4639.2,4597.6,4637.6,0,0,0,0
XFJ,2019-11-04,6247.2,6178.8,6195.6,XHJ,39219.1,38763.2,38897.3,XIJ,1345.3,1322.9,1324.2,XJR,4722,4637.6,4721.2,0,0,0,0
XFJ,2019-11-05,6238.7,6171.8,6200.2,XHJ,39288.9,38865.5,39087,XIJ,1335.9,1314.4,1321.6,XJR,4767.5,4721.2,4742.6,0,0,0,0
XFJ,2019-11-06,6233.3,6184.2,6190.1,XHJ,39293.1,38693.7,38693.7,XIJ,1321.9,1297.1,1297.1,XJR,4770.3,4742.6,4755.5,0,0,0,0
XFJ,2019-11-07,6261.3,6190.1,6256.6,XHJ,39096.2,38674.7,39096.2,XIJ,1339.7,1297.1,1339.5,XJR,4756.7,4724,4755.9,0,0,0,0
XFJ,2019-11-08,6292.1,6253.9,6274.4,XHJ,39134.1,38824.9,39066.3,XIJ,1368.5,1339.5,1365.8,XJR,4771.1,4741.1,4755.5,0,0,0,0
XFJ,2019-11-11,6300,6251.6,6297.3,XHJ,40177.3,39066.3,40177.3,XIJ,1389.7,1365.8,1380.5,XJR,4755.5,4731.9,4743.5,0,0,0,0
XFJ,2019-11-12,6321.7,6230.2,6267.4,XHJ,40214,39717.1,39814.6,XIJ,1397.7,1379.6,1389.4,XJR,4743.5,4702.1,4737.1,0,0,0,0
XFJ,2019-11-13,6273.9,6191.5,6191.5,XHJ,40203.9,39661.7,39765.8,XIJ,1410.7,1387.2,1400.6,XJR,4737.8,4682.9,4689.4,0,0,0,0
XFJ,2019-11-14,6199.3,6144,6188.3,XHJ,40457,39765.8,40196.7,XIJ,1439,1400.6,1423.6,XJR,4704.5,4646.4,4704.5,0,0,0,0
XFJ,2019-11-15,6225.8,6184.8,6219.6,XHJ,40760.1,40181,40760.1,XIJ,1448.7,1423.6,1446.4,XJR,4763.7,4700.5,4748.8,0,0,0,0
XFJ,2019-11-18,6224.1,6164.6,6184.5,XHJ,40788.4,40320.3,40412.9,XIJ,1458.4,1432.5,1446.2,XJR,4762.1,4733.1,4742.6,0,0,0,0
XFJ,2019-11-19,6213.6,6153.1,6213.6,XHJ,40785.2,40354.1,40785.2,XIJ,1448,1418.4,1428.5,XJR,4770,4727.7,4770,0,0,0,0
XFJ,2019-11-20,6213.6,6075.1,6079.9,XHJ,40785.2,40110.2,40243.1,XIJ,1431.1,1417.1,1428.4,XJR,4770,4701,4717.5,0,0,0,0
XFJ,2019-11-21,6079.9,5994.5,6033.6,XHJ,40249.8,39668.2,39854,XIJ,1428.4,1404.5,1410.4,XJR,4717.5,4649.3,4673.4,0,0,0,0
XFJ,2019-11-22,6050.8,5999.8,6032.8,XHJ,40259.3,39854,40150.7,XIJ,1432.8,1410.4,1431.6,XJR,4740.2,4673.4,4725.6,0,0,0,0
XFJ,2019-11-25,6057.5,6015.3,6019.9,XHJ,40606.2,40150.7,40504.8,XIJ,1459.9,1431.6,1438.7,XJR,4794.8,4726.8,4771.8,0,0,0,0
XFJ,2019-11-26,6071.9,6019.9,6068.2,XHJ,41307.7,40504.8,41307.7,XIJ,1453.7,1438.4,1445,XJR,4828.4,4770.8,4808.8,0,0,0,0
XFJ,2019-11-27,6118,6053.6,6117.5,XHJ,41452.8,41062.6,41414.4,XIJ,1469,1445,1469,XJR,4864.6,4808.8,4862.8,0,0,0,0
XFJ,2019-11-28,6129.9,6100.2,6101.8,XHJ,41938.1,41407.4,41733.8,XIJ,1486.3,1469,1478.2,XJR,4888.1,4857.6,4873.2,0,0,0,0
XFJ,2019-11-29,6123.2,6074.3,6074.3,XHJ,42220.2,41731.5,41755.5,XIJ,1493.9,1471.2,1474.2,XJR,4898.1,4852.9,4852.9,0,0,0,0
XFJ,2019-12-02,6125.9,6066.9,6096,XHJ,42264.3,41755.5,42106.3,XIJ,1484.8,1472.8,1477,XJR,4871.2,4820.5,4854.7,0,0,0,0
XFJ,2019-12-03,6096,5956.1,5966.4,XHJ,42106.3,40878,40912.7,XIJ,1477,1432.9,1436.9,XJR,4854.7,4764.8,4789.1,0,0,0,0
XFJ,2019-12-04,5966.4,5857,5864.4,XHJ,40912.7,40302.9,40617.1,XIJ,1436.9,1403.9,1407.2,XJR,4789.1,4682.3,4705.8,0,0,0,0
XFJ,2019-12-05,5949.8,5864.4,5944.3,XHJ,41245.4,40457.5,40772.4,XIJ,1447.5,1407.2,1427.7,XJR,4774.8,4705.8,4760.1,0,0,0,0
XFJ,2019-12-06,5964.7,5944.3,5961.2,XHJ,41214.4,40768,41214.4,XIJ,1439.9,1410.6,1439.6,XJR,4769.8,4748.2,4760,0,0,0,0
XFJ,2019-12-09,5994.9,5960.7,5981.2,XHJ,41346.5,40867.9,40887.4,XIJ,1448.3,1431.6,1436.5,XJR,4835.3,4760,4829,0,0,0,0
XFJ,2019-12-10,5987.1,5947.5,5954.7,XHJ,41182.3,40832.5,40839.1,XIJ,1436.5,1415.8,1425.5,XJR,4858.2,4829,4842,0,0,0,0
XFJ,2019-12-11,6002.8,5954.7,6002.8,XHJ,41298.4,40767.1,41248,XIJ,1427.9,1404.1,1413.9,XJR,4875.9,4842,4874.1,0,0,0,0
XFJ,2019-12-12,6002.8,5940.9,5946.7,XHJ,41567.7,40938.1,40951.4,XIJ,1413.9,1390.7,1397.6,XJR,4885.4,4858.8,4873.5,0,0,0,0
XFJ,2019-12-13,6054.1,5946.7,6029.7,XHJ,41233.8,40676.1,40827.8,XIJ,1422.1,1397.6,1418.9,XJR,4944.1,4873.5,4927.4,0,0,0,0
XFJ,2019-12-16,6141.8,6029.7,6129.7,XHJ,42002.9,40827.8,41839,XIJ,1451.7,1413,1443.7,XJR,5005.1,4927.4,4992.9,0,0,0,0
XFJ,2019-12-17,6145.8,6094.5,6124.1,XHJ,42018.2,41590.2,41765,XIJ,1464.4,1434,1437.8,XJR,5012.7,4988.3,4997.3,0,0,0,0
XFJ,2019-12-18,6127.5,6076.1,6106.5,XHJ,42232.3,41765,42131.9,XIJ,1449.4,1426,1439.4,XJR,5005.9,4982.3,4991.4,0,0,0,0
XFJ,2019-12-19,6130.7,6070.1,6083.3,XHJ,42178.3,41544.1,41668.2,XIJ,1453.9,1434.5,1436.9,XJR,4996.5,4971.5,4977,0,0,0,0
XFJ,2019-12-20,6087.4,6047.7,6060.5,XHJ,41912.8,41384.1,41563.9,XIJ,1445.3,1430.9,1434,XJR,4991,4966.3,4976.8,0,0,0,0
XFJ,2019-12-23,6062,6039.7,6045.3,XHJ,41745.2,41203.6,41203.6,XIJ,1448.7,1430.9,1440.3,XJR,4976.8,4913.5,4919.1,0,0,0,0
XFJ,2019-12-24,6047,6015.7,6031.4,XHJ,41725.9,41201.5,41601.2,XIJ,1443.7,1427.7,1432.6,XJR,4952.8,4919.1,4945.3,0,0,0,0
XFJ,2019-12-27,6062.1,6028.3,6058.6,XHJ,41765.6,41376.3,41408.1,XIJ,1451.1,1432.6,1447.6,XJR,5001,4945.3,4992.5,0,0,0,0
XFJ,2019-12-30,6063.2,6006.4,6056.7,XHJ,41671.8,41201.3,41605.2,XIJ,1451.8,1437.3,1449.6,XJR,4992.5,4946.1,4974.5,0,0,0,0
XFJ,2019-12-31,6056.7,5962.7,5975.4,XHJ,41606.2,40620.4,40635.5,XIJ,1449.6,1403.9,1406.5,XJR,4974.5,4922.2,4922.2,0,0,0,0
XFJ,2020-01-02,5984.7,5937.8,5971.4,XHJ,40979.5,40537.2,40537.2,XIJ,1420.3,1403.7,1410.5,XJR,4942.6,4908.2,4924.4,0,0,0,0
XFJ,2020-01-03,6063.4,5971.4,6010.8,XHJ,41365.9,40537.2,40850.6,XIJ,1448.3,1410.5,1423.5,XJR,4981.3,4924.4,4967.9,0,0,0,0
XFJ,2020-01-06,6010.8,5933.1,5976,XHJ,40855.1,40413.4,40823.3,XIJ,1424.3,1399.3,1421.4,XJR,5020.6,4949.7,5018.3,0,0,0,0
XFJ,2020-01-07,6071.8,5976,6064.7,XHJ,41702.1,40823.3,41646.1,XIJ,1448.1,1421.4,1444.9,XJR,5048.1,5015.8,5041.9,0,0,0,0
XFJ,2020-01-08,6065.7,5967.5,6033.6,XHJ,41931.9,40996.1,41860.2,XIJ,1445.2,1407.7,1427.1,XJR,5074.3,5038.7,5066.2,0,0,0,0
XFJ,2020-01-09,6105.7,6033.6,6063.5,XHJ,42603.5,41860.2,42603.5,XIJ,1462.9,1427.1,1458.3,XJR,5090.4,5051.7,5077.1,0,0,0,0
XFJ,2020-01-10,6123.7,6063.5,6120,XHJ,43524.5,42597.1,43503.3,XIJ,1479.1,1458.3,1476.4,XJR,5077.1,5038.6,5064.9,0,0,0,0
XFJ,2020-01-13,6120,6067.2,6102.1,XHJ,43503.3,42839.7,43014.5,XIJ,1490.4,1457.5,1488,XJR,5064.9,5020.1,5037.5,0,0,0,0
XFJ,2020-01-14,6155,6102.1,6140.6,XHJ,43655.8,43014.5,43340.2,XIJ,1509.9,1488,1496,XJR,5097.3,5037.5,5097.3,0,0,0,0
XFJ,2020-01-15,6169,6140.6,6167,XHJ,43613.8,43007.9,43580.2,XIJ,1506.9,1494.9,1501.6,XJR,5128.6,5097.3,5119.6,0,0,0,0
XFJ,2020-01-16,6233,6167,6233,XHJ,43995,43568,43972.7,XIJ,1529.7,1501.6,1527.5,XJR,5132.8,5107.9,5119.6,0,0,0,0
XFJ,2020-01-17,6279.4,6231.6,6231.6,XHJ,44278.1,43915.9,44022.2,XIJ,1549.6,1527.5,1532.8,XJR,5167.8,5119.6,5162.7,0,0,0,0
XFJ,2020-01-20,6246.8,6223.5,6228.7,XHJ,44506.8,44022.2,44345.2,XIJ,1549.1,1532.8,1536.3,XJR,5234.2,5162.7,5220.8,0,0,1,0
XFJ,2020-01-21,6229.6,6187.5,6209.9,XHJ,44493.5,44187.5,44454.7,XIJ,1545.4,1508.8,1516.8,XJR,5220.8,5191.4,5215.2,0,0,0,0
XFJ,2020-01-22,6275.8,6201.6,6264.8,XHJ,45196.1,44379.5,45088.6,XIJ,1543,1516.8,1540.8,XJR,5251.2,5186.8,5240.8,0,0,0,0
XFJ,2020-01-23,6275.6,6230.6,6245,XHJ,45088.6,44504.5,44877.8,XIJ,1550,1534.7,1545.7,XJR,5245.7,5167.4,5182.1,0,0,0,0
XFJ,2020-01-24,6291.5,6245,6264.2,XHJ,45521.2,44877.8,45193.7,XIJ,1556.4,1543,1549.6,XJR,5182.1,5124.5,5134.5,0,0,1,0
XFJ,2020-01-28,6264.2,6159.7,6186.1,XHJ,45903.4,45014.2,45361.2,XIJ,1549.6,1510.8,1526.5,XJR,5134.5,4964.1,4990.9,0,0,0,0
XFJ,2020-01-29,6255.8,6186.1,6242.5,XHJ,45941.9,45361.2,45868.7,XIJ,1558.5,1526.5,1552.5,XJR,5014.7,4990.4,4997,0,0,0,0
XFJ,2020-01-30,6268.5,6240.3,6266.1,XHJ,45877.3,45229.2,45229.2,XIJ,1555,1530.3,1536.3,XJR,4997.7,4944.9,4950,1,0,1,0
XFJ,2020-01-31,6294.3,6245.4,6255.4,XHJ,45720.1,45210,45527.9,XIJ,1568.3,1536.3,1562.9,XJR,4986.2,4950,4960,0,2,1,0
XFJ,2020-02-03,6255.4,6131.8,6167.5,XHJ,45527.9,45035.3,45324.1,XIJ,1562.9,1531,1547.5,XJR,4960,4821,4821,0,0,0,0
XFJ,2020-02-04,6209.4,6150.3,6190.3,XHJ,45991.9,45324.1,45583.9,XIJ,1563,1547.5,1558.3,XJR,4823.6,4773.7,4817,1,1,0,0
XFJ,2020-02-05,6234.5,6179.9,6185.2,XHJ,46447,45583.9,45866.1,XIJ,1592.7,1558.3,1590.7,XJR,4864.2,4817,4864.2,0,0,1,0
XFJ,2020-02-06,6276.2,6185.2,6272.5,XHJ,46708.3,45866.1,46455.3,XIJ,1608.2,1581.2,1594.9,XJR,4924.8,4864.2,4924.8,0,1,0,0
XFJ,2020-02-07,6280.9,6222.9,6260.4,XHJ,46655.8,46333.2,46420.7,XIJ,1599.3,1582.1,1587.8,XJR,4924.8,4854.5,4861.7,0,0,0,0
XFJ,2020-02-10,6262.5,6219.7,6234.4,XHJ,46838.4,46182.4,46742,XIJ,1590.2,1568.1,1570.8,XJR,4861.7,4800.8,4838.5,0,1,1,0
XFJ,2020-02-11,6285.8,6234.4,6267,XHJ,47219.7,46609,47084.1,XIJ,1599.3,1570.8,1597.5,XJR,4865.5,4827.6,4862.1,0,0,0,0
XFJ,2020-02-12,6391.1,6267,6379,XHJ,47784.5,46655.2,47272.9,XIJ,1607.5,1578.1,1588.9,XJR,4871.9,4834.9,4851,0,1,1,0
XFJ,2020-02-13,6440.4,6377.8,6400.7,XHJ,47746.5,47143.3,47400.6,XIJ,1612.8,1588.9,1594.2,XJR,4911.7,4851,4865.4,0,0,1,0
XFJ,2020-02-14,6493.6,6399.2,6486.6,XHJ,47594.9,47243,47557.1,XIJ,1595.2,1575.6,1586.7,XJR,4874.7,4831,4843.7,0,0,0,0
XFJ,2020-02-17,6490.9,6428.2,6458.1,XHJ,47837,47501.7,47718.4,XIJ,1604.5,1586.7,1604.4,XJR,4863.1,4836.1,4846.3,0,0,0,0
XFJ,2020-02-18,6480.9,6450.1,6480.9,XHJ,47718.4,47272.3,47378.6,XIJ,1604.4,1552.2,1585.6,XJR,4862.8,4823.4,4838.6,0,0,0,0
XFJ,2020-02-19,6486,6406.1,6437.9,XHJ,48747.2,47364.5,48747.2,XIJ,1585.6,1528.7,1535.8,XJR,4868.8,4830.8,4866.1,0,0,0,0
XFJ,2020-02-20,6476.3,6422.9,6461.4,XHJ,48812.6,48260.6,48347.6,XIJ,1551.2,1507.8,1509.5,XJR,4915.7,4866.1,4889.5,0,0,1,0
XFJ,2020-02-21,6495.4,6446.3,6494.3,XHJ,48425.8,47876,47922,XIJ,1511.5,1493.7,1495,XJR,4889.5,4851.5,4851.5,0,0,19,0
XFJ,2020-02-24,6494.3,6348.9,6381.8,XHJ,47922,46480.7,46504.1,XIJ,1495,1436.5,1436.5,XJR,4851.5,4735.9,4746.8,0,0,18,0
XFJ,2020-02-25,6381.8,6216.7,6298.8,XHJ,46504.1,45091,46124.3,XIJ,1444.3,1368.2,1432.6,XJR,4746.8,4631.2,4639.4,0,2,0,0
XFJ,2020-02-26,6298.8,6149.3,6173.8,XHJ,46124.3,44452,44452.9,XIJ,1432.6,1376.8,1380.9,XJR,4639.4,4526,4531.8,0,5,6,0
XFJ,2020-02-27,6186.4,6066.6,6094.3,XHJ,45168.1,43981.3,45020.7,XIJ,1398.6,1348.3,1351.1,XJR,4551.6,4460,4491,0,4,1,0
XFJ,2020-02-28,6094.3,5869.7,5904.3,XHJ,45020.7,43602.8,43816.8,XIJ,1351.1,1280,1287.5,XJR,4491,4275.4,4283.6,0,8,6,0
XFJ,2020-03-02,5904.3,5691.4,5816.6,XHJ,43888.9,42583.9,43474.7,XIJ,1304.5,1259.1,1298.4,XJR,4275.3,4097.5,4267.2,0,22,14,0
XFJ,2020-03-03,5904.3,5763.2,5763.2,XHJ,44951.4,43474.7,44560,XIJ,1360.4,1298.4,1331.1,XJR,4378.1,4267.2,4314.2,2,40,22,0
XFJ,2020-03-04,5763.2,5590.4,5605.5,XHJ,44560,43413.8,43540.5,XIJ,1331.1,1275.5,1275.5,XJR,4326,4276.4,4301,1,55,34,0
XFJ,2020-03-05,5700.8,5605.5,5634.1,XHJ,44983.2,43540.5,44733.5,XIJ,1315.5,1275.5,1294.3,XJR,4369.1,4292.3,4309.3,22,56,74,0
XFJ,2020-03-06,5634.1,5397.6,5397.6,XHJ,44782.1,44180.6,44343.4,XIJ,1294.3,1240.1,1240.1,XJR,4309.3,4197.2,4197.2,1,51,105,0
XFJ,2020-03-09,5397.6,4987.5,4987.5,XHJ,44343.4,41885.2,41885.2,XIJ,1240.1,1127.5,1128,XJR,4197.2,3675.8,3675.8,0,0,0,0
XFJ,2020-03-10,5221.8,4783.7,5221.8,XHJ,43427.8,39259.1,43427.8,XIJ,1182.5,1084,1180.6,XJR,3829.3,3561,3829.3,10,57,200,0
XFJ,2020-03-11,5238.8,4947,4947,XHJ,44572,42473.9,42473.9,XIJ,1190.7,1139.4,1139.4,XJR,3849.1,3700.4,3700.4,6,148,271,0
XFJ,2020-03-12,4947,4550.9,4550.9,XHJ,42473.9,38818.8,39461.9,XIJ,1139.4,1041.8,1055.7,XJR,3700.4,3361.2,3420.3,23,259,287,0
XFJ,2020-03-13,4720.5,4079.2,4720.5,XHJ,43645.9,36577.1,43645.9,XIJ,1092.7,977.5,1092.7,XJR,3563,3127.3,3563,2,406,351,41
XFJ,2020-03-16,4720.5,4196.5,4196.5,XHJ,43645.9,39302.1,39302.1,XIJ,1092.7,978,978,XJR,3563,3252.9,3252.9,3,361,823,79
XFJ,2020-03-17,4600,4188.2,4582.5,XHJ,41381.5,38904,41330.6,XIJ,1024,954.2,1023.5,XJR,3553.9,3252.9,3526.2,32,442,887,78
XFJ,2020-03-18,4582.5,4165.8,4232.3,XHJ,41330.6,38159.7,38330.6,XIJ,1023.5,908,923.3,XJR,3551.3,3323.3,3369.3,12,611,1766,113
XFJ,2020-03-19,4466,3934.8,3934.8,XHJ,39695.9,37976.2,39326.7,XIJ,959,883.8,892.8,XJR,3448,3241.3,3286.7,28,769,2988,142
XFJ,2020-03-20,4254.9,3934.8,4075,XHJ,40150.9,37076.3,37230.8,XIJ,963.7,892.8,914.1,XJR,3426.4,3286.7,3296.5,26,999,4835,138
XFJ,2020-03-23,4075,3591.2,3658.7,XHJ,38954.9,33730.5,38201.2,XIJ,914.1,818.9,847.9,XJR,3296.5,3105.5,3192,119,1198,8459,330
XFJ,2020-03-24,3861.8,3658.7,3831,XHJ,39447.7,37754.8,38978.1,XIJ,912.8,847.9,904.2,XJR,3386.5,3192,3381.2,53,1378,11236,370
XFJ,2020-03-25,4163.2,3831,4163.2,XHJ,40432.7,37276.4,38885.7,XIJ,983.4,904.2,946.4,XJR,3667.7,3381.2,3629.4,70,2338,8789,380
XFJ,2020-03-26,4249.5,4072.9,4178.7,XHJ,41428.5,38885.7,41428.5,XIJ,1029.5,946.4,1016.8,XJR,3722,3605.4,3641,87,2375,13963,379
XFJ,2020-03-27,4319.8,3935.7,3935.7,XHJ,42476.2,38487.6,38487.6,XIJ,1077.3,982,991.6,XJR,3719.7,3450.8,3450.8,75,2692,16797,371
XFJ,2020-03-30,4282,3933.5,4282,XHJ,42884.1,38487.6,42884.1,XIJ,1045.3,981.5,1045.3,XJR,3584.3,3362.4,3584.3,92,2822,18360,266
XFJ,2020-03-31,4548.5,4192.9,4263.1,XHJ,44831.6,40193.9,41244.9,XIJ,1099.5,1037.3,1056.3,XJR,3630.4,3433.1,3469.2,180,2858,21595,312
XFJ,2020-04-01,4378.7,4243.9,4372.6,XHJ,42872.9,41244.9,42657.5,XIJ,1091,1056.3,1084.1,XJR,3642.3,3469.2,3617.7,146,4273,24998,306
XFJ,2020-04-02,4372.6,4117.6,4188.5,XHJ,43108.8,41369.2,42398.1,XIJ,1084.1,1040.9,1045,XJR,3628.1,3544.9,3602.2,568,4514,27103,277
XFJ,2020-04-03,4255.7,4065.7,4099.2,XHJ,43173.3,41176.2,41691,XIJ,1083.7,1022.3,1028.8,XJR,3802,3602.2,3642.6,336,4913,28819,226
XFJ,2020-04-06,4309.8,4099.2,4302.2,XHJ,43969.8,41691,43722.8,XIJ,1077.8,1028.8,1072.6,XJR,3820.8,3642.6,3814.8,693,4020,25398,107
XFJ,2020-04-07,4454.3,4188.9,4247.5,XHJ,44707.8,42254,42748,XIJ,1124.9,1072.6,1101.3,XJR,3929.9,3780.5,3837.5,354,3592,30561,119
XFJ,2020-04-08,4247.5,4054.6,4129,XHJ,43951.9,42032.5,42593.2,XIJ,1112.2,1072.6,1095,XJR,3890.6,3760.8,3804.5,773,5282,30613,105
XFJ,2020-04-09,4293.8,4129,4293.8,XHJ,44531.1,42590,44531.1,XIJ,1146.9,1095,1146.9,XJR,3873.7,3786.3,3861.2,540,5450,33323,85
XFJ,2020-04-14,4375.2,4234.2,4375.2,XHJ,44859.8,44055.9,44722.7,XIJ,1213.3,1146.9,1213.3,XJR,3995.4,3856.9,3983.3,1211,3489,25023,49
XFJ,2020-04-15,4420.9,4302.4,4352.2,XHJ,45499.2,43929.2,44597,XIJ,1231.2,1205.4,1217.2,XJR,3986.6,3899.8,3939,1075,4178,26922,38
XFJ,2020-04-16,4352.2,4214.8,4293.4,XHJ,44888.6,43944.4,44739,XIJ,1217.2,1189.9,1201.9,XJR,3939,3819.2,3879.5,942,4326,30148,33
XFJ,2020-04-17,4387.2,4293.4,4302.3,XHJ,45802.2,44739,45298.2,XIJ,1251.9,1201.9,1224,XJR,3957.8,3879.5,3918.9,1007,5065,31667,47
XFJ,2020-04-20,4338.4,4209,4209,XHJ,45310,43887.2,43887.2,XIJ,1234,1213.3,1215.8,XJR,3936.5,3816,3816,1553,4721,24601,11
XFJ,2020-04-21,4241.7,4119.8,4119.8,XHJ,44151.4,42568.3,42740.7,XIJ,1215.8,1151.1,1156.5,XJR,3821.6,3743.9,3754.6,1335,3853,28065,23
XFJ,2020-04-22,4186.1,4032.2,4150.5,XHJ,43578.3,41987.6,43284.9,XIJ,1167.5,1124.2,1160,XJR,3754.6,3626.4,3674.2,1384,4854,37289,12
XFJ,2020-04-23,4201,4092.1,4129,XHJ,43666.5,42037.1,42426.4,XIJ,1186.3,1156.4,1164.9,XJR,3797.1,3674.2,3767.9,1409,4760,17588,8
XFJ,2020-04-24,4172.7,4105.4,4121.8,XHJ,43246.6,42286.5,43130.5,XIJ,1179.5,1157.4,1167.6,XJR,3848.4,3767.9,3832.9,1684,5487,26543,20
XFJ,2020-04-27,4121.8,4042.8,4115.7,XHJ,44321.6,43128.9,44321.6,XIJ,1212.8,1167.6,1209.9,XJR,3860.3,3784.6,3846.9,1396,3748,26857,8
XFJ,2020-04-28,4196.2,4070.1,4106.5,XHJ,44377.7,43720.7,44229.5,XIJ,1229.9,1209.9,1224.4,XJR,3855.1,3791.4,3815.2,1543,3473,22541,12
XFJ,2020-04-29,4265.9,4106.5,4265.9,XHJ,44238.6,43305.5,43640.3,XIJ,1233.7,1210.1,1233.7,XJR,3896.5,3815.2,3882,1897,4706,24132,17
XFJ,2020-04-30,4403.4,4265.8,4383.8,XHJ,43646.8,43053.2,43053.2,XIJ,1298.2,1233.7,1294.3,XJR,4034.4,3882,4029.3,1718,4729,27326,11
XFJ,2020-05-01,4383.8,4136.7,4136.7,XHJ,43537.5,41862.6,41862.6,XIJ,1294.3,1244.8,1244.8,XJR,4029.3,3749,3749,1993,5442,29917,12
XFJ,2020-05-04,4214.5,4057.2,4200.2,XHJ,42906.2,41639,42848,XIJ,1310.2,1244.8,1307.5,XJR,3780.2,3684,3771,2553,3229,24972,27
XFJ,2020-05-05,4290.4,4200.2,4290.4,XHJ,43003.3,42455.7,42663.4,XIJ,1344.3,1307.5,1344.1,XJR,3885.1,3771,3885.1,3900,2982,22593,27
XFJ,2020-05-06,4290.4,4210.7,4242.1,XHJ,43115.1,42503.5,42842.8,XIJ,1365.5,1340,1365.2,XJR,3908,3849.6,3884,2958,3389,23841,26
XFJ,2020-05-07,4242.1,4169.4,4178.3,XHJ,43395.5,42699.7,43071.5,XIJ,1375.7,1351.6,1374.7,XJR,3901.5,3861.7,3896.8,3561,3682,24128,22
XFJ,2020-05-08,4243.5,4178.3,4207.7,XHJ,43141.4,42334.9,42334.9,XIJ,1394.6,1374.7,1385.9,XJR,3963.7,3896.8,3937.4,3390,3827,28369,19
XFJ,2020-05-11,4290.7,4207.7,4256.6,XHJ,42854,42334.9,42629.7,XIJ,1420.4,1385.9,1411.8,XJR,4008.2,3937.4,3989.9,4213,2157,20258,8
XFJ,2020-05-12,4258.5,4154,4173.7,XHJ,43322.4,42627.3,43275.7,XIJ,1411.8,1383,1398.9,XJR,3989.9,3881.1,3902.9,3604,2329,18117,18
XFJ,2020-05-13,4202.2,4088.8,4202.2,XHJ,43607.8,42297.2,43607.8,XIJ,1406.2,1358.6,1406.2,XJR,3929.7,3837.3,3929.7,3525,3586,22048,13
XFJ,2020-05-14,4201.9,4094.7,4094.7,XHJ,43607.8,42541.6,42541.6,XIJ,1406.2,1366.2,1366.2,XJR,3942.7,3886,3889.1,3722,3402,20782,14
XFJ,2020-05-15,4167.9,4094.7,4158.4,XHJ,42885.2,42498.3,42783,XIJ,1378.7,1338.1,1352.3,XJR,4024,3889.1,4019.7,3967,3307,27143,31
XFJ,2020-05-18,4173.2,4101.7,4106.7,XHJ,43505.2,42783,43422,XIJ,1385.3,1352.3,1375.7,XJR,4213.5,4019.7,4195.6,5242,2079,18873,11
XFJ,2020-05-19,4241.5,4106.7,4179.2,XHJ,43979.4,43033.7,43033.7,XIJ,1407.3,1375.7,1392.1,XJR,4361.4,4195.6,4350.7,4970,1838,21841,9
XFJ,2020-05-20,4205.7,4126.9,4202.5,XHJ,43153.3,42734.5,42903,XIJ,1433.1,1387.6,1422.3,XJR,4355.4,4281.4,4335.1,5611,2589,19970,13
XFJ,2020-05-21,4232.4,4167.6,4167.6,XHJ,43287.1,42656.4,42656.4,XIJ,1445.8,1422.3,1429.7,XJR,4398.7,4319,4322.6,5609,3052,23285,6
XFJ,2020-05-22,4204.7,4131.5,4131.5,XHJ,42656.4,41670.8,41788,XIJ,1444.1,1426.6,1429.7,XJR,4346.7,4263.2,4275.2,6088,2718,25434,15
XFJ,2020-05-25,4209.4,4133.8,4207.8,XHJ,42915.8,41788,42915.8,XIJ,1481.3,1429.7,1481.3,XJR,4343.5,4275.2,4336.8,6977,1527,20568,9
XFJ,2020-05-26,4386.7,4207.8,4386.7,XHJ,44062.7,42825.1,44062.7,XIJ,1519,1481.3,1515.5,XJR,4420.9,4332.6,4420.9,6535,1364,19064,15
XFJ,2020-05-27,4698.5,4386.7,4617.8,XHJ,44062.7,41804.4,41843.9,XIJ,1515.5,1471.7,1477.8,XJR,4420.9,4286.3,4301.3,6387,1624,18910,11
XFJ,2020-05-28,4843.4,4617.8,4760.3,XHJ,42547.4,41785.8,41862.1,XIJ,1501.1,1474.7,1479.2,XJR,4392,4301.3,4352.3,6566,1672,18721,18
XFJ,2020-05-29,4760.3,4591.5,4591.5,XHJ,41985.7,40756,40756,XIJ,1490.7,1469.1,1482.1,XJR,4384.7,4327.7,4348.9,7466,1835,21817,17
XFJ,2020-06-01,4628.5,4479.7,4604.1,XHJ,41838,40739.3,41585.2,XIJ,1495.8,1466.5,1488,XJR,4480.8,4348.9,4480.8,8392,1125,19807,8
XFJ,2020-06-02,4635.1,4585.6,4613.2,XHJ,41846.2,41188.7,41518.4,XIJ,1511.7,1485.8,1507.9,XJR,4483.8,4426.8,4467.5,8171,1079,21086,17
XFJ,2020-06-03,4780.6,4613.2,4772.9,XHJ,41691.1,41200.8,41490.5,XIJ,1548.4,1507.9,1547.9,XJR,4518.5,4467.5,4514.1,8909,1441,20544,8
XFJ,2020-06-04,4931.4,4772.9,4837.6,XHJ,42661.8,41481.5,42616.3,XIJ,1567.4,1537.9,1546.8,XJR,4536.4,4459.1,4485.3,9304,1484,19699,10
XFJ,2020-06-05,4949.6,4837.6,4930.6,XHJ,42629.3,41130.4,41442.4,XIJ,1546.8,1511.7,1518.8,XJR,4505.5,4462.7,4494.2,9851,1356,21140,11
XFJ,2020-06-09,5205.2,4930.6,5169.4,XHJ,41890.2,40586.1,40810.8,XIJ,1536.3,1494.2,1496.8,XJR,4663.2,4494.2,4606.4,9987,721,18822,2
XFJ,2020-06-10,5169.4,5044.6,5130.8,XHJ,42171.1,40799.3,41568.7,XIJ,1549.3,1495.9,1543.1,XJR,4626.5,4562.6,4586.2,9985,1099,18665,7
XFJ,2020-06-11,5130.8,4859.6,4872,XHJ,42243.5,41206.3,41456,XIJ,1543.1,1496.9,1504.7,XJR,4599.9,4511.8,4512,9996,1158,20614,9
XFJ,2020-06-12,4872,4632.1,4744.5,XHJ,41456,40697.7,41127.3,XIJ,1504.7,1431.7,1479.2,XJR,4512,4347.2,4413.3,10956,1199,22883,9
XFJ,2020-06-15,4785.7,4633.6,4633.6,XHJ,41131.5,40359.4,40359.4,XIJ,1510.3,1455.5,1455.5,XJR,4422,4305.5,4305.5,11502,890,19543,15
XFJ,2020-06-16,4881.4,4633.6,4850,XHJ,41662.5,40359.4,41356.7,XIJ,1541.2,1455.5,1538.8,XJR,4487.6,4305.5,4458.3,10667,822,19957,12
XFJ,2020-06-17,4871.6,4792,4871.6,XHJ,42139.8,41356.7,41925.1,XIJ,1572.4,1538.8,1572.4,XJR,4487.1,4397.8,4437.5,10974,1043,23705,23
XFJ,2020-06-18,4873.4,4759.5,4845.2,XHJ,42286.5,41440,41653.2,XIJ,1584.1,1556.4,1566.3,XJR,4437.5,4355.8,4388,12881,1102,25559,21
XFJ,2020-06-19,4906.9,4820.1,4843.4,XHJ,42278.5,41617.9,41952.4,XIJ,1609.9,1566.3,1595.1,XJR,4429.1,4344.6,4348.1,13586,1013,27762,20
XFJ,2020-06-22,4896.1,4775,4871.2,XHJ,42114.5,41549.8,42071.7,XIJ,1595.1,1555.8,1567.5,XJR,4424.8,4331.7,4400.2,14821,687,25793,18
XFJ,2020-06-23,4903.3,4790.4,4855.2,XHJ,42231.7,41700.2,42056.9,XIJ,1608.1,1547.7,1572.2,XJR,4461.7,4370.6,4423.6,14933,639,31390,20
XFJ,2020-06-24,4881.3,4822.6,4842.1,XHJ,42744.2,42051.7,42626.7,XIJ,1617,1572.2,1590.3,XJR,4472.1,4423.3,4462.1,15968,896,34720,30
XFJ,2020-06-25,4842.1,4690.8,4690.8,XHJ,43122.2,42293.2,42562.6,XIJ,1590.3,1539.4,1539.4,XJR,4462.1,4321.7,4321.7,16922,886,34339,37
XFJ,2020-06-26,4829.4,4690.8,4818,XHJ,42850.9,42132.1,42550.5,XIJ,1560.4,1533.5,1552,XJR,4410.1,4321.7,4410.1,17296,778,40949,37
XFJ,2020-06-29,4818,4674.3,4739.9,XHJ,42717.1,42021.5,42235,XIJ,1552,1518.5,1530.8,XJR,4410.1,4315.8,4340.9,19459,649,38673,85
XFJ,2020-06-30,4846.5,4739.9,4794.3,XHJ,42662.8,41967,42191.5,XIJ,1585.7,1530.8,1570.4,XJR,4466.4,4340.9,4422.6,18522,446,41556,71
XFJ,2020-07-01,4840.7,4776.9,4840.3,XHJ,42300,41655.5,41870.9,XIJ,1613.2,1565.9,1595.2,XJR,4465.2,4422.6,4449.9,18653,730,43880,87
XFJ,2020-07-02,4934.8,4818.2,4930.6,XHJ,42638.8,41870.9,42638.8,XIJ,1659.8,1595.2,1654.8,XJR,4489.8,4413.3,4483.7,19148,617,52048,86
XFJ,2020-07-03,4984.5,4889.1,4935.2,XHJ,43676.8,42637.1,43632.1,XIJ,1689.7,1646.2,1665.5,XJR,4523.5,4457.4,4482.1,20903,651,53399,66
XFJ,2020-07-06,4986.9,4907.6,4928.5,XHJ,43687.9,42850.1,42850.1,XIJ,1684.3,1664.9,1668.8,XJR,4482.1,4434,4434,24248,401,49093,140
XFJ,2020-07-07,4992.7,4882.7,4890.7,XHJ,43104.4,42453.6,42760.1,XIJ,1700.7,1668.8,1685.4,XJR,4522.6,4434,4490,22252,555,49990,199
XFJ,2020-07-08,4890.7,4804.5,4814.6,XHJ,42813.8,41546.1,41546.1,XIJ,1685.4,1657.9,1657.9,XJR,4543.5,4462.1,4467.5,22752,704,57473,147
XFJ,2020-07-09,4853,4814,4814,XHJ,41852.5,41435.4,41571.3,XIJ,1736.2,1657.9,1710,XJR,4592.1,4467.5,4558.2,24879,597,58906,182
XFJ,2020-07-10,4821.5,4759.7,4779.4,XHJ,41936.9,41489.8,41686.4,XIJ,1741,1693.6,1697.2,XJR,4558.2,4491.1,4507.3,26506,693,63004,307
XFJ,2020-07-13,4913.6,4779.4,4857.1,XHJ,41891.3,41241,41410.9,XIJ,1720.7,1654.4,1680.1,XJR,4589.3,4507.3,4584.6,28701,442,57258,192
XFJ,2020-07-14,4857.1,4810.9,4833.3,XHJ,41436,40973.7,41109.1,XIJ,1680.1,1607.5,1612.7,XJR,4584.6,4518.4,4567.6,28498,361,58114,284
XFJ,2020-07-15,4894.6,4828.3,4894.2,XHJ,42244.6,41109,42244.6,XIJ,1663.1,1612.7,1657.3,XJR,4690.8,4567.6,4674.8,29429,726,68518,259
XFJ,2020-07-16,4944.4,4847,4871.4,XHJ,42399,41481.7,41603.1,XIJ,1672.2,1634.9,1637.9,XJR,4677.9,4619.8,4636.2,32695,685,67717,330
XFJ,2020-07-17,4891.2,4851.8,4878.3,XHJ,41877,41440.8,41824.7,XIJ,1656.8,1618.1,1636.5,XJR,4675.9,4628.8,4667.7,34956,772,76930,438
XFJ,2020-07-20,4878.3,4816,4825.3,XHJ,42030.9,41652.6,41818.8,XIJ,1661.4,1636.5,1658.5,XJR,4704.9,4665.2,4674.8,40425,493,61796,297
XFJ,2020-07-21,4968.8,4825.3,4965.2,XHJ,43510.2,41818.8,43380.8,XIJ,1753.6,1658.5,1753.6,XJR,4767.4,4674.8,4765.4,37148,413,56750,387
XFJ,2020-07-22,4989.2,4912.1,4937.2,XHJ,43385,41915.8,41991.4,XIJ,1753.6,1704.7,1711.8,XJR,4765.4,4702.4,4716.4,37724,793,72048,503
XFJ,2020-07-23,4954.8,4896.3,4946,XHJ,42159.8,41657.9,42014.3,XIJ,1719.6,1692.1,1703.7,XJR,4730.6,4687.4,4722.2,45720,751,68848,423
XFJ,2020-07-24,4946,4869,4871.7,XHJ,42014.3,41281.5,41362.1,XIJ,1703.7,1654.4,1667.9,XJR,4722.2,4669.8,4678.6,49310,773,63196,309
XFJ,2020-07-27,4880.8,4827.1,4854,XHJ,41448.2,41063,41149.8,XIJ,1690,1655.3,1680.1,XJR,4755.6,4667.4,4740.3,49931,421,55993,549
XFJ,2020-07-28,4886.4,4818.2,4818.2,XHJ,41671.1,40765.5,40773.7,XIJ,1704.9,1654.8,1655.1,XJR,4854.4,4740.3,4762.3,47703,371,56243,400
XFJ,2020-07-29,4912.1,4818.2,4862.8,XHJ,40804.4,40522.4,40623.4,XIJ,1655.1,1621.6,1629.2,XJR,4762.3,4677.2,4684.6,48513,70,61734,319
XFJ,2020-07-30,4913.1,4862.8,4874.9,XHJ,41397.5,40623.4,41202.3,XIJ,1675.1,1629.2,1668.1,XJR,4733.6,4684.6,4733.4,52123,763,74985,746
XFJ,2020-07-31,4874.9,4728.2,4740.9,XHJ,41218.1,40238.9,40547.9,XIJ,1682.4,1635.7,1643.3,XJR,4733.4,4583,4613.7,55078,846,68032,652
XFJ,2020-08-03,4740.9,4615.4,4639.9,XHJ,41777.4,40505.8,41461.9,XIJ,1650.1,1620.5,1644.3,XJR,4690.6,4612.1,4687.3,52972,743,47511,444
XFJ,2020-08-04,4774.5,4639.9,4732.5,XHJ,42413.1,41461.9,42308.5,XIJ,1716,1644.3,1697.3,XJR,4783.4,4687.3,4752.6,52050,928,45607,453
XFJ,2020-08-05,4732.5,4615.7,4695.4,XHJ,42308.5,41444.5,41605.7,XIJ,1699.6,1674.8,1691.3,XJR,4786.6,4744.6,4776.8,52509,670,57525,739
XFJ,2020-08-06,4739.1,4683.8,4715.5,XHJ,41608.5,41119.7,41364.3,XIJ,1705.4,1681.9,1690.6,XJR,4896.3,4776.8,4896.3,56282,891,52804,484
XFJ,2020-08-07,4715.5,4674.5,4699.2,XHJ,41371.2,40884,40890.1,XIJ,1694.9,1678.2,1680.9,XJR,4896.3,4814.5,4826,62538,950,59755,463
XFJ,2020-08-10,4834.5,4699.2,4821.6,XHJ,41738.6,40890.1,41580.8,XIJ,1711.3,1675.7,1703.3,XJR,4880.7,4800.3,4872.1,62064,1062,46847,337
XFJ,2020-08-11,4926.7,4821.6,4876.6,XHJ,41945.1,41044,41676.6,XIJ,1703.3,1663.1,1668.9,XJR,4925.6,4858.2,4860.1,53601,816,49530,354
XFJ,2020-08-12,4988.2,4876.6,4923.4,XHJ,41771.5,41277,41771.5,XIJ,1668.9,1645.7,1651.2,XJR,4860.1,4768.5,4793,60963,1148,46813,428
XFJ,2020-08-13,4949.3,4852.8,4870.1,XHJ,41790.3,41259.8,41429.6,XIJ,1692.7,1651.2,1659.5,XJR,4839.7,4775.3,4789.6,66999,1009,55941,292
XFJ,2020-08-14,4914,4848.1,4881.2,XHJ,42173.2,41278.4,41813.1,XIJ,1730.3,1659.5,1729.1,XJR,4821.8,4788.3,4808.8,64553,1129,51094,386
XFJ,2020-08-17,4881.2,4786.5,4797.5,XHJ,42042.5,41585.9,41866.4,XIJ,1729.1,1701.8,1705.5,XJR,4822.1,4772.6,4791.9,57981,1040,42104,290
XFJ,2020-08-18,4803.6,4725.4,4771.1,XHJ,43847.4,41866.4,43637.9,XIJ,1749,1705.5,1741.9,XJR,4853.8,4777.9,4827.7,55079,713,35056,226
XFJ,2020-08-19,4837,4761.3,4828.8,XHJ,45998.2,43635.6,45373.3,XIJ,1796.8,1741.9,1786.5,XJR,4828.2,4771.5,4773.3,64531,1089,44091,228
XFJ,2020-08-20,4828.8,4767.9,4803.7,XHJ,45373.3,43994,44169.5,XIJ,1828.9,1786.5,1802.3,XJR,4773.3,4685.5,4703.8,69652,812,47426,246
XFJ,2020-08-21,4871.1,4774,4776.9,XHJ,44209.6,43555.7,43608.1,XIJ,1830.8,1802.3,1808,XJR,4736.6,4688.3,4698.6,68898,1182,44005,180
XFJ,2020-08-24,4776.9,4736.9,4753.1,XHJ,43727.3,42968.8,43657,XIJ,1865.8,1808,1865.8,XJR,4724.9,4665.1,4714,61408,1041,34506,121
XFJ,2020-08-25,4894,4753.1,4871.4,XHJ,43696.8,42772.1,42993.4,XIJ,1937.6,1865.8,1932.7,XJR,4743.1,4674.7,4684.8,60975,972,38298,151
XFJ,2020-08-26,4869.1,4765.2,4813.8,XHJ,43225.6,42811.5,43061.2,XIJ,1932.7,1905.3,1915.6,XJR,4684.8,4627.2,4645.7,67151,1184,38119,156
XFJ,2020-08-27,4820,4767.6,4784.8,XHJ,43592.4,43015.8,43137,XIJ,1932.7,1869.5,1909.2,XJR,4707.5,4645.7,4688.9,75760,1048,42848,124
XFJ,2020-08-28,4833.5,4783.9,4794.3,XHJ,43143,42486.2,42678.9,XIJ,1909.2,1851,1871.2,XJR,4688.9,4587.2,4601.3,77266,1522,45909,131
XFJ,2020-08-31,4808.6,4759.8,4759.8,XHJ,42699.7,42140.8,42140.8,XIJ,1916.7,1862.5,1894.1,XJR,4627.9,4585,4608.7,78512,1715,35581,84
XFJ,2020-09-01,4759.8,4615.4,4648.2,XHJ,42181.3,41300.4,41563,XIJ,1894.1,1811.1,1829,XJR,4608.7,4504.3,4570.2,69921,1406,33850,85
XFJ,2020-09-02,4725.1,4648.2,4712.4,XHJ,42452.9,41563,42324.6,XIJ,1853.9,1774.3,1841.5,XJR,4674.5,4570.2,4648.5,78357,1295,44639,109
XFJ,2020-09-03,4807.3,4712.4,4775.4,XHJ,43040.5,42324.6,42900.9,XIJ,1873.1,1820.4,1838.6,XJR,4648.5,4589.2,4614.4,83883,1508,38754,127
XFJ,2020-09-04,4775.4,4629.6,4634.4,XHJ,42900.9,41234.4,41291.4,XIJ,1838.6,1733.6,1735.8,XJR,4614.4,4461.2,4470.8,83341,1735,36249,89
XFJ,2020-09-07,4699.7,4590,4677.6,XHJ,42024,41068.2,41449.5,XIJ,1735.8,1694.4,1724.9,XJR,4549.7,4470.8,4535.5,90802,2988,30555,48
XFJ,2020-09-08,4738.6,4677.6,4738.6,XHJ,42488.8,41449.5,42087.2,XIJ,1743.5,1711.5,1725.4,XJR,4597.3,4535.5,4583.9,75809,2948,24250,66
XFJ,2020-09-09,4738.6,4590.5,4612.1,XHJ,42087.2,40982.1,41255.2,XIJ,1725.4,1655.8,1684.1,XJR,4583.9,4466,4491,89706,2460,27122,93
XFJ,2020-09-10,4654.5,4591.5,4618.8,XHJ,41935.8,41255.2,41450.6,XIJ,1741.2,1684.1,1706.8,XJR,4571.6,4491,4531,95735,2659,31927,59
XFJ,2020-09-11,4618.8,4558.4,4562.7,XHJ,41765.7,41126.6,41655.2,XIJ,1706.8,1665.7,1673.1,XJR,4531,4448.1,4460.8,96551,2919,37507,55
XFJ,2020-09-14,4590.6,4548.3,4566,XHJ,41949.6,41503.5,41693.8,XIJ,1684,1632.5,1661.8,XJR,4574.5,4460.8,4569.5,92071,3330,33871,39
XFJ,2020-09-15,4566.7,4499.8,4501.5,XHJ,42375.1,41693.8,42177.7,XIJ,1693.4,1661.8,1681.7,XJR,4615.2,4569.5,4595,83809,2621,34841,50
XFJ,2020-09-16,4537.3,4498.1,4530.3,XHJ,42823.2,42173.8,42732.7,XIJ,1724.7,1681.7,1721.5,XJR,4645.2,4595,4619.7,90123,3103,51473,53
XFJ,2020-09-17,4535.5,4506.9,4507.2,XHJ,42765.4,42054.7,42054.7,XIJ,1721.5,1670.3,1670.3,XJR,4628.2,4517.8,4521.9,97894,3991,24598,35
XFJ,2020-09-18,4517.8,4481.5,4481.5,XHJ,42303.3,41638,41638,XIJ,1702.5,1670.3,1691.1,XJR,4597.1,4521.9,4567.6,96424,3395,43567,51
XFJ,2020-09-21,4484.7,4412.9,4424.7,XHJ,42340.2,41626.7,41767.4,XIJ,1696,1665.2,1671.7,XJR,4567.6,4513.8,4520.7,86961,3899,39852,16